cc_id	dir_id
cc_0	0013
cc_0	0014
cc_1	0197
cc_1	0198
cc_2	0199
cc_2	0200
cc_3	0189
cc_3	0190
cc_4	0191
cc_4	0192
cc_5	0187
cc_5	0188
cc_6	0193
cc_6	0194
cc_7	0195
cc_7	0196
cc_8	0201
cc_8	0202
cc_9	0203
cc_9	0204
cc_10	0067
cc_10	0124
cc_11	0068
cc_11	0125
cc_12	0070
cc_12	0127
cc_13	0179
cc_13	0180
cc_13	0181
cc_13	0182
cc_14	0244
cc_14	0245
cc_15	0246
cc_15	0247
cc_15	0250
cc_15	0251
cc_16	0248
cc_16	0249
cc_17	0326
cc_17	0327
cc_18	0334
cc_18	0335
cc_19	0328
cc_19	0329
cc_19	0332
cc_19	0333
cc_20	0336
cc_20	0337
cc_20	0340
cc_20	0341
cc_21	0330
cc_21	0331
cc_22	0338
cc_22	0339
cc_23	0066
cc_23	0123
cc_24	0065
cc_24	0122
cc_25	0102
cc_25	0159
cc_26	0390
cc_26	0391
cc_27	0082
cc_27	0139
cc_28	0080
cc_28	0137
cc_29	0081
cc_29	0138
cc_30	0077
cc_30	0134
cc_31	0071
cc_31	0072
cc_31	0073
cc_31	0074
cc_31	0075
cc_31	0128
cc_31	0129
cc_31	0130
cc_31	0131
cc_31	0132
cc_32	0076
cc_32	0133
cc_33	0079
cc_33	0136
cc_34	0078
cc_34	0135
cc_35	0252
cc_35	0253
cc_36	0254
cc_36	0255
cc_36	0258
cc_36	0259
cc_37	0256
cc_37	0257
cc_38	0232
cc_38	0233
cc_39	0342
cc_39	0343
cc_40	0350
cc_40	0351
cc_41	0344
cc_41	0345
cc_41	0348
cc_41	0349
cc_42	0352
cc_42	0353
cc_42	0356
cc_42	0357
cc_43	0346
cc_43	0347
cc_44	0354
cc_44	0355
cc_45	0236
cc_45	0237
cc_46	0238
cc_46	0239
cc_46	0242
cc_46	0243
cc_47	0240
cc_47	0241
cc_49	0083
cc_49	0140
cc_50	0084
cc_50	0141
cc_51	0085
cc_51	0142
cc_52	0086
cc_52	0143
cc_53	0087
cc_53	0144
cc_54	0101
cc_54	0158
cc_55	0088
cc_55	0089
cc_55	0090
cc_55	0091
cc_55	0092
cc_55	0145
cc_55	0146
cc_55	0147
cc_55	0148
cc_55	0149
cc_56	0094
cc_56	0151
cc_57	0095
cc_57	0152
cc_58	0096
cc_58	0153
cc_59	0100
cc_59	0157
cc_60	0098
cc_60	0155
cc_61	0099
cc_61	0156
cc_62	0097
cc_62	0154
cc_63	0310
cc_63	0311
cc_64	0318
cc_64	0319
cc_65	0312
cc_65	0316
cc_65	0317
cc_66	0320
cc_66	0321
cc_66	0324
cc_66	0325
cc_67	0314
cc_67	0315
cc_68	0322
cc_68	0323
cc_69	0001
cc_70	0002
cc_71	0003
cc_72	0004
cc_73	0005
cc_75	0008
cc_76	0009
cc_80	0015
cc_81	0016
cc_84	0019
cc_85	0021
cc_87	0023
cc_89	0025
cc_90	0028
cc_91	0029
cc_92	0030
cc_93	0031
cc_94	0032
cc_95	0033
cc_96	0034
cc_97	0036
cc_98	0038
cc_99	0039
cc_100	0040
cc_101	0041
cc_102	0042
cc_104	0045
cc_106	0047
cc_107	0048
cc_108	0049
cc_109	0050
cc_110	0051
cc_111	0052
cc_112	0054
cc_113	0055
cc_114	0056
cc_115	0057
cc_116	0058
cc_117	0059
cc_118	0060
cc_144	0229
cc_147	0262
cc_148	0263
cc_149	0264
cc_150	0265
cc_151	0266
cc_152	0267
cc_153	0268
cc_154	0269
cc_155	0270
cc_156	0271
cc_157	0272
cc_158	0273
cc_159	0274
cc_160	0275
cc_161	0276
cc_162	0277
cc_163	0278
cc_164	0279
cc_165	0280
cc_166	0281
cc_167	0284
cc_168	0285
cc_169	0286
cc_170	0287
cc_171	0288
cc_172	0289
cc_173	0290
cc_174	0291
cc_175	0292
cc_176	0293
cc_177	0294
cc_178	0295
cc_179	0313
cc_185	0382
cc_186	0383
cc_187	0384
cc_188	0385
cc_189	0386
cc_190	0387
cc_191	0388
cc_192	0389
cc_193	0392
